Country,Year,WGI
Afghanistan,2011,-1.729060829
Albania,2011,-0.213528144
Algeria,2011,-0.918304761
American Samoa,2011,0.701992661
Andorra,2011,1.407441258
Angola,2011,-1.074126209
Anguilla,2011,1.341593027
Antigua and Barbuda,2011,0.799280504
Argentina,2011,-0.19945619
Armenia,2011,-0.286495051
Aruba,2011,1.256370266
Australia,2011,1.617089967
Austria,2011,1.474144101
Azerbaijan,2011,-0.854130924
"Bahamas, The",2011,0.919888963
Bahrain,2011,-0.063383234
Bangladesh,2011,-0.856486584
Barbados,2011,1.209983081
Belarus,2011,-0.999202208
Belgium,2011,1.365659068
Belize,2011,-0.092824057
Benin,2011,-0.288778926
Bermuda,2011,1.115461081
Bhutan,2011,0.16806261
Bolivia,2011,-0.546285243
Bosnia and Herzegovina,2011,-0.405017375
Botswana,2011,0.674252028
Brazil,2011,0.115304599
Brunei Darussalam,2011,0.702070743
Bulgaria,2011,0.136316822
Burkina Faso,2011,-0.389319971
Burundi,2011,-1.200873743
Cabo Verde,2011,0.533819578
Cambodia,2011,-0.831042136
Cameroon,2011,-0.940673004
Canada,2011,1.602124115
Cayman Islands,2011,1.084819327
Central African Republic,2011,-1.277501444
Chad,2011,-1.319459518
Chile,2011,1.144443825
China,2011,-0.566083891
Colombia,2011,-0.274465108
Comoros,2011,-0.991443386
"Congo, Dem. Rep.",2011,-1.661320567
"Congo, Rep.",2011,-1.046108981
Cook Islands,2011,-0.736043233
Costa Rica,2011,0.579227547
Cote d'Ivoire,2011,-1.144358834
Croatia,2011,0.371792881
Cuba,2011,-0.627779389
Cyprus,2011,1.062467506
Czech Republic,2011,0.942874049
Denmark,2011,1.827361266
Djibouti,2011,-0.674607011
Dominica,2011,0.748235278
Dominican Republic,2011,-0.395773928
Ecuador,2011,-0.708214819
"Egypt, Arab Rep.",2011,-0.729509185
El Salvador,2011,-0.092651539
Equatorial Guinea,2011,-1.121960834
Eritrea,2011,-1.441551616
Estonia,2011,1.070367873
Eswatini,2011,-0.573689073
Ethiopia,2011,-0.964785218
Fiji,2011,-0.519513802
Finland,2011,1.846797367
France,2011,1.214883794
French Guiana,2011,0.994212744
Gabon,2011,-0.520132005
"Gambia, The",2011,-0.552381694
Georgia,2011,0.068535373
Germany,2011,1.433398257
Ghana,2011,0.10137855
Greece,2011,0.349665819
Greenland,2011,1.416171829
Grenada,2011,0.381022764
Guam,2011,0.677005811
Guatemala,2011,-0.593914496
Guinea,2011,-1.167216261
Guinea-Bissau,2011,-1.052828848
Guyana,2011,-0.382625484
Haiti,2011,-1.192056755
Honduras,2011,-0.545879871
"Hong Kong SAR, China",2011,1.389230092
Hungary,2011,0.726010755
Iceland,2011,1.484222571
India,2011,-0.310237988
Indonesia,2011,-0.461185
"Iran, Islamic Rep.",2011,-1.135493934
Iraq,2011,-1.302461425
Ireland,2011,1.433607201
Israel,2011,0.650466283
Italy,2011,0.552088857
Jamaica,2011,0.066831651
Japan,2011,1.244209737
"Jersey, Channel Islands",2011,1.379972299
Jordan,2011,-0.099327737
Kazakhstan,2011,-0.640748943
Kenya,2011,-0.701509712
Kiribati,2011,0.031276779
"Korea, Dem. People's Rep.",2011,-1.587904577
"Korea, Rep.",2011,0.799312115
Kosovo,2011,-0.501136504
Kuwait,2011,0.078856543
Kyrgyz Republic,2011,-0.84490716
Lao PDR,2011,-0.957424906
Latvia,2011,0.620588253
Lebanon,2011,-0.622733625
Lesotho,2011,-0.138938679
Liberia,2011,-0.770836577
Libya,2011,-1.278383911
Liechtenstein,2011,1.621792952
Lithuania,2011,0.707341085
Luxembourg,2011,1.750012835
"Macao SAR, China",2011,0.831928869
Madagascar,2011,-0.764194071
Malawi,2011,-0.356726947
Malaysia,2011,0.262848363
Maldives,2011,-0.362081649
Mali,2011,-0.482584496
Malta,2011,1.128086785
Marshall Islands,2011,-0.090066699
Martinique,2011,0.735300283
Mauritania,2011,-0.905953397
Mauritius,2011,0.799293071
Mexico,2011,-0.188173857
"Micronesia, Fed. Sts.",2011,-0.001711012
Moldova,2011,-0.277926082
Monaco,2011,0.928021888
Mongolia,2011,-0.186541473
Montenegro,2011,0.094559502
Morocco,2011,-0.378543312
Mozambique,2011,-0.344626586
Myanmar,2011,-1.616527538
Namibia,2011,0.320211386
Nauru,2011,0.166775189
Nepal,2011,-0.865236267
Netherlands,2011,1.695045014
Netherlands Antilles,2011,0.795662194
New Zealand,2011,1.829487761
Nicaragua,2011,-0.593575547
Niger,2011,-0.567920022
Nigeria,2011,-1.140645425
Niue,2011,-0.702197921
North Macedonia,2011,-0.174682615
Norway,2011,1.734268804
Oman,2011,0.088563152
Pakistan,2011,-1.184407006
Palau,2011,0.18981119
Panama,2011,0.14111379
Papua New Guinea,2011,-0.646962936
Paraguay,2011,-0.576527054
Peru,2011,-0.209380378
Philippines,2011,-0.427717975
Poland,2011,0.835323125
Portugal,2011,0.911659092
Puerto Rico,2011,0.611044685
Qatar,2011,0.514400939
Reunion,2011,0.897132044
Romania,2011,0.13681958
Russian Federation,2011,-0.769415811
Rwanda,2011,-0.27378979
Samoa,2011,0.329663549
San Marino,2011,1.066125234
Sao Tome and Principe,2011,-0.349697692
Saudi Arabia,2011,-0.48695313
Senegal,2011,-0.367279453
Serbia,2011,-0.130311731
Seychelles,2011,0.354912331
Sierra Leone,2011,-0.67043714
Singapore,2011,1.464170534
Slovak Republic,2011,0.757776424
Slovenia,2011,0.948251088
Solomon Islands,2011,-0.420942275
Somalia,2011,-2.273198227
South Africa,2011,0.234286224
South Sudan,2011,-1.369617164
Spain,2011,0.912080659
Sri Lanka,2011,-0.336777108
St. Kitts and Nevis,2011,1.116590252
St. Lucia,2011,0.918976828
St. Vincent and the Grenadines,2011,0.851783286
Sudan,2011,-1.588809172
Suriname,2011,-0.089828207
Sweden,2011,1.791157027
Switzerland,2011,1.685521086
Syrian Arab Republic,2011,-1.193379392
"Taiwan, China",2011,0.988690803
Tajikistan,2011,-1.133715292
Tanzania,2011,-0.399318795
Thailand,2011,-0.320166639
Timor-Leste,2011,-0.763165273
Togo,2011,-0.897675455
Tonga,2011,0.003473476
Trinidad and Tobago,2011,0.209907149
Tunisia,2011,-0.199702361
Turkiye,2011,-0.047411901
Turkmenistan,2011,-1.395693302
Tuvalu,2011,0.181666166
Uganda,2011,-0.589527393
Ukraine,2011,-0.595924485
United Arab Emirates,2011,0.513260956
United Kingdom,2011,1.362679983
United States,2011,1.256666293
Uruguay,2011,0.873972505
Uzbekistan,2011,-1.300935219
Vanuatu,2011,0.207508951
"Venezuela, RB",2011,-1.233372639
Vietnam,2011,-0.541916189
Virgin Islands (U.S.),2011,0.85697633
West Bank and Gaza,2011,-0.705048079
"Yemen, Rep.",2011,-1.39219748
Zambia,2011,-0.28014832
Zimbabwe,2011,-1.490082135
Afghanistan,2012,-1.556209346
Albania,2012,-0.241253462
Algeria,2012,-0.88839452
American Samoa,2012,0.702336267
Andorra,2012,1.411800365
Angola,2012,-1.009019122
Anguilla,2012,1.327551822
Antigua and Barbuda,2012,0.81705308
Argentina,2012,-0.29580756
Armenia,2012,-0.185768154
Aruba,2012,1.267162104
Australia,2012,1.604367644
Austria,2012,1.525126656
Azerbaijan,2012,-0.885694598
"Bahamas, The",2012,0.903737644
Bahrain,2012,-0.099849641
Bangladesh,2012,-0.889934892
Barbados,2012,1.149287199
Belarus,2012,-0.836935372
Belgium,2012,1.362328351
Belize,2012,-0.032250149
Benin,2012,-0.312690078
Bermuda,2012,1.114338259
Bhutan,2012,0.195152516
Bolivia,2012,-0.579992454
Bosnia and Herzegovina,2012,-0.276004611
Botswana,2012,0.708670393
Brazil,2012,0.067351832
Brunei Darussalam,2012,0.618659069
Bulgaria,2012,0.154583032
Burkina Faso,2012,-0.426217226
Burundi,2012,-1.236346145
Cabo Verde,2012,0.536743954
Cambodia,2012,-0.716619344
Cameroon,2012,-0.95985499
Canada,2012,1.614948869
Cayman Islands,2012,1.020088514
Central African Republic,2012,-1.344820956
Chad,2012,-1.289359132
Chile,2012,1.160078183
China,2012,-0.574004218
Colombia,2012,-0.314531815
Comoros,2012,-0.961266721
"Congo, Dem. Rep.",2012,-1.614091158
"Congo, Rep.",2012,-1.090898578
Cook Islands,2012,-0.756349787
Costa Rica,2012,0.674079945
Cote d'Ivoire,2012,-0.976723423
Croatia,2012,0.383322842
Cuba,2012,-0.609370184
Cyprus,2012,1.083641777
Czech Republic,2012,0.889530063
Denmark,2012,1.772063394
Djibouti,2012,-0.680898584
Dominica,2012,0.728554378
Dominican Republic,2012,-0.306883081
Ecuador,2012,-0.642695343
"Egypt, Arab Rep.",2012,-0.73071532
El Salvador,2012,-0.143064919
Equatorial Guinea,2012,-1.136031866
Eritrea,2012,-1.470992734
Estonia,2012,1.05765908
Eswatini,2012,-0.523159534
Ethiopia,2012,-0.943232611
Fiji,2012,-0.52884427
Finland,2012,1.867318253
France,2012,1.199866335
French Guiana,2012,0.998797134
Gabon,2012,-0.524194673
"Gambia, The",2012,-0.562452537
Georgia,2012,0.172810133
Germany,2012,1.452661435
Ghana,2012,0.07635836
Greece,2012,0.246594208
Greenland,2012,1.419235617
Grenada,2012,0.407963512
Guam,2012,0.669481986
Guatemala,2012,-0.634020999
Guinea,2012,-1.173300703
Guinea-Bissau,2012,-1.274654378
Guyana,2012,-0.418185627
Haiti,2012,-1.12238127
Honduras,2012,-0.637082872
"Hong Kong SAR, China",2012,1.452981432
Hungary,2012,0.655793483
Iceland,2012,1.473324319
India,2012,-0.351155717
Indonesia,2012,-0.391982046
"Iran, Islamic Rep.",2012,-1.098970195
Iraq,2012,-1.337509831
Ireland,2012,1.424856802
Israel,2012,0.639492224
Italy,2012,0.535798309
Jamaica,2012,0.033060647
Japan,2012,1.260885864
"Jersey, Channel Islands",2012,1.381776889
Jordan,2012,-0.092896074
Kazakhstan,2012,-0.69913804
Kenya,2012,-0.73317725
Kiribati,2012,0.02429012
"Korea, Dem. People's Rep.",2012,-1.55485904
"Korea, Rep.",2012,0.736528024
Kosovo,2012,-0.467896691
Kuwait,2012,-0.064658608
Kyrgyz Republic,2012,-0.799837286
Lao PDR,2012,-0.860480646
Latvia,2012,0.68170542
Lebanon,2012,-0.664239891
Lesotho,2012,-0.127023591
Liberia,2012,-0.750599702
Libya,2012,-1.27988558
Liechtenstein,2012,1.602735261
Lithuania,2012,0.815364892
Luxembourg,2012,1.718510111
"Macao SAR, China",2012,0.647749521
Madagascar,2012,-0.785336783
Malawi,2012,-0.358689601
Malaysia,2012,0.272979005
Maldives,2012,-0.444130063
Mali,2012,-0.906151836
Malta,2012,1.177732805
Marshall Islands,2012,-0.094161088
Martinique,2012,0.725495785
Mauritania,2012,-0.890550206
Mauritius,2012,0.851101448
Mexico,2012,-0.141618282
"Micronesia, Fed. Sts.",2012,0.073612614
Moldova,2012,-0.267320253
Monaco,2012,0.923970977
Mongolia,2012,-0.20250298
Montenegro,2012,0.129680618
Morocco,2012,-0.350952295
Mozambique,2012,-0.349313999
Myanmar,2012,-1.384200901
Namibia,2012,0.396474188
Nauru,2012,0.179741804
Nepal,2012,-0.894921243
Netherlands,2012,1.720144689
Netherlands Antilles,2012,0.770737256
New Zealand,2012,1.801136414
Nicaragua,2012,-0.60117958
Niger,2012,-0.675501436
Nigeria,2012,-1.13048923
Niue,2012,-0.722569489
North Macedonia,2012,-0.129482185
Norway,2012,1.782332977
Oman,2012,0.143549658
Pakistan,2012,-1.162173321
Palau,2012,0.190544705
Panama,2012,0.077966866
Papua New Guinea,2012,-0.614182342
Paraguay,2012,-0.636202833
Peru,2012,-0.255080977
Philippines,2012,-0.34368829
Poland,2012,0.874087314
Portugal,2012,0.936392277
Puerto Rico,2012,0.65136686
Qatar,2012,0.672275156
Reunion,2012,0.896683127
Romania,2012,0.084160062
Russian Federation,2012,-0.764360438
Rwanda,2012,-0.236218927
Samoa,2012,0.316121394
San Marino,2012,1.052961687
Sao Tome and Principe,2012,-0.376758621
Saudi Arabia,2012,-0.352862695
Senegal,2012,-0.20659452
Serbia,2012,-0.159760634
Seychelles,2012,0.328246392
Sierra Leone,2012,-0.72716627
Singapore,2012,1.562453005
Slovak Republic,2012,0.739922547
Slovenia,2012,0.904416531
Solomon Islands,2012,-0.430779735
Somalia,2012,-2.248828133
South Africa,2012,0.171151429
South Sudan,2012,-1.379267712
Spain,2012,0.874481272
Sri Lanka,2012,-0.328455298
St. Kitts and Nevis,2012,1.112751891
St. Lucia,2012,0.804489434
St. Vincent and the Grenadines,2012,0.863409172
Sudan,2012,-1.615014513
Suriname,2012,-0.078579627
Sweden,2012,1.812850734
Switzerland,2012,1.757037659
Syrian Arab Republic,2012,-1.592311561
"Taiwan, China",2012,0.971338063
Tajikistan,2012,-1.182930549
Tanzania,2012,-0.423315562
Thailand,2012,-0.305124241
Timor-Leste,2012,-0.715941466
Togo,2012,-0.91616332
Tonga,2012,-0.020437133
Trinidad and Tobago,2012,0.163809825
Tunisia,2012,-0.229488943
Turkiye,2012,-0.069860035
Turkmenistan,2012,-1.291775813
Tuvalu,2012,0.040210341
Uganda,2012,-0.597316032
Ukraine,2012,-0.575783576
United Arab Emirates,2012,0.561002721
United Kingdom,2012,1.394169082
United States,2012,1.272094985
Uruguay,2012,0.795370743
Uzbekistan,2012,-1.275980592
Vanuatu,2012,0.22378135
"Venezuela, RB",2012,-1.23847568
Vietnam,2012,-0.52927571
Virgin Islands (U.S.),2012,0.826096932
West Bank and Gaza,2012,-0.705700066
"Yemen, Rep.",2012,-1.384106278
Zambia,2012,-0.179831937
Zimbabwe,2012,-1.418287545
Afghanistan,2013,-1.568045517
Albania,2013,-0.199695841
Algeria,2013,-0.804794098
American Samoa,2013,0.697856719
Andorra,2013,1.406144698
Angola,2013,-1.070174639
Anguilla,2013,1.334114631
Antigua and Barbuda,2013,0.79191112
Argentina,2013,-0.321622401
Armenia,2013,-0.17142631
Aruba,2013,1.274036964
Australia,2013,1.573227882
Austria,2013,1.540984829
Azerbaijan,2013,-0.735330304
"Bahamas, The",2013,0.84675851
Bahrain,2013,-0.118873219
Bangladesh,2013,-0.919707606
Barbados,2013,1.143239697
Belarus,2013,-0.823533985
Belgium,2013,1.393394321
Belize,2013,-0.022810806
Benin,2013,-0.297348122
Bermuda,2013,1.10984393
Bhutan,2013,0.19954859
Bolivia,2013,-0.533733957
Bosnia and Herzegovina,2013,-0.234507983
Botswana,2013,0.665518989
Brazil,2013,-0.001839958
Brunei Darussalam,2013,0.626792868
Bulgaria,2013,0.094456054
Burkina Faso,2013,-0.489543279
Burundi,2013,-1.129708479
Cabo Verde,2013,0.503897566
Cambodia,2013,-0.741736593
Cameroon,2013,-0.954537779
Canada,2013,1.608789881
Cayman Islands,2013,1.024540126
Central African Republic,2013,-1.555745244
Chad,2013,-1.270833532
Chile,2013,1.145292511
China,2013,-0.568053773
Colombia,2013,-0.301163613
Comoros,2013,-0.871678253
"Congo, Dem. Rep.",2013,-1.550330758
"Congo, Rep.",2013,-1.066997632
Cook Islands,2013,-0.754766798
Costa Rica,2013,0.683560054
Cote d'Ivoire,2013,-0.857692649
Croatia,2013,0.415157059
Cuba,2013,-0.619224047
Cyprus,2013,1.013972352
Czech Republic,2013,0.898708949
Denmark,2013,1.778482089
Djibouti,2013,-0.736998231
Dominica,2013,0.763373693
Dominican Republic,2013,-0.272798392
Ecuador,2013,-0.514725454
"Egypt, Arab Rep.",2013,-0.89669472
El Salvador,2013,-0.155261892
Equatorial Guinea,2013,-1.205514681
Eritrea,2013,-1.513915022
Estonia,2013,1.107824087
Eswatini,2013,-0.488739548
Ethiopia,2013,-0.937532852
Fiji,2013,-0.507778764
Finland,2013,1.856240273
France,2013,1.167841623
French Guiana,2013,0.997828051
Gabon,2013,-0.528845141
"Gambia, The",2013,-0.629823839
Georgia,2013,0.251399142
Germany,2013,1.471564452
Ghana,2013,0.080335138
Greece,2013,0.315607619
Greenland,2013,1.410511394
Grenada,2013,0.394805036
Guam,2013,0.671176796
Guatemala,2013,-0.631300792
Guinea,2013,-1.147360086
Guinea-Bissau,2013,-1.323822121
Guyana,2013,-0.38711166
Haiti,2013,-1.05842336
Honduras,2013,-0.659558212
"Hong Kong SAR, China",2013,1.418007841
Hungary,2013,0.666545605
Iceland,2013,1.483609915
India,2013,-0.332943074
Indonesia,2013,-0.340649745
"Iran, Islamic Rep.",2013,-1.119365156
Iraq,2013,-1.354221761
Ireland,2013,1.441091319
Israel,2013,0.638088504
Italy,2013,0.544833967
Jamaica,2013,0.060697524
Japan,2013,1.322172503
"Jersey, Channel Islands",2013,1.373140911
Jordan,2013,-0.134323507
Kazakhstan,2013,-0.714703729
Kenya,2013,-0.655474871
Kiribati,2013,0.028280922
"Korea, Dem. People's Rep.",2013,-1.631156469
"Korea, Rep.",2013,0.751354843
Kosovo,2013,-0.467605135
Kuwait,2013,-0.078726549
Kyrgyz Republic,2013,-0.78366599
Lao PDR,2013,-0.818853449
Latvia,2013,0.728135879
Lebanon,2013,-0.688614966
Lesotho,2013,-0.049523845
Liberia,2013,-0.793214892
Libya,2013,-1.430820545
Liechtenstein,2013,1.602344493
Lithuania,2013,0.854608546
Luxembourg,2013,1.713918269
"Macao SAR, China",2013,0.678819845
Madagascar,2013,-0.819205145
Malawi,2013,-0.39307533
Malaysia,2013,0.326963502
Maldives,2013,-0.430688227
Mali,2013,-0.827386404
Malta,2013,1.173998366
Marshall Islands,2013,-0.054598665
Martinique,2013,0.733060141
Mauritania,2013,-0.915647954
Mauritius,2013,0.817580218
Mexico,2013,-0.170149167
"Micronesia, Fed. Sts.",2013,0.087873787
Moldova,2013,-0.279799042
Monaco,2013,0.93508782
Mongolia,2013,-0.186069407
Montenegro,2013,0.101227572
Morocco,2013,-0.35471481
Mozambique,2013,-0.493352905
Myanmar,2013,-1.310542762
Namibia,2013,0.403265608
Nauru,2013,0.020432313
Nepal,2013,-0.808938742
Netherlands,2013,1.687159061
Netherlands Antilles,2013,0.704462503
New Zealand,2013,1.805607557
Nicaragua,2013,-0.540683831
Niger,2013,-0.705238248
Nigeria,2013,-1.134929647
Niue,2013,-0.719472414
North Macedonia,2013,-0.114489331
Norway,2013,1.813713928
Oman,2013,0.1238214
Pakistan,2013,-1.119740844
Palau,2013,0.156124671
Panama,2013,0.07017378
Papua New Guinea,2013,-0.601579892
Paraguay,2013,-0.631807437
Peru,2013,-0.250056898
Philippines,2013,-0.281922269
Poland,2013,0.861352225
Portugal,2013,0.959892889
Puerto Rico,2013,0.544574536
Qatar,2013,0.680600574
Reunion,2013,0.893368835
Romania,2013,0.19179223
Russian Federation,2013,-0.7345928
Rwanda,2013,-0.14869727
Samoa,2013,0.353251528
San Marino,2013,1.059902052
Sao Tome and Principe,2013,-0.377790168
Saudi Arabia,2013,-0.338668541
Senegal,2013,-0.154527962
Serbia,2013,-0.110630882
Seychelles,2013,0.3422611
Sierra Leone,2013,-0.706979372
Singapore,2013,1.537191648
Slovak Republic,2013,0.707536299
Slovenia,2013,0.872265905
Solomon Islands,2013,-0.425899439
Somalia,2013,-2.221402089
South Africa,2013,0.206802883
South Sudan,2013,-1.552270909
Spain,2013,0.842321123
Sri Lanka,2013,-0.336445779
St. Kitts and Nevis,2013,1.110123674
St. Lucia,2013,0.814384495
St. Vincent and the Grenadines,2013,0.851704309
Sudan,2013,-1.614915033
Suriname,2013,-0.050837258
Sweden,2013,1.776748578
Switzerland,2013,1.731131236
Syrian Arab Republic,2013,-1.688600878
"Taiwan, China",2013,0.969790717
Tajikistan,2013,-1.228137076
Tanzania,2013,-0.448486785
Thailand,2013,-0.324880928
Timor-Leste,2013,-0.739646632
Togo,2013,-0.918789119
Tonga,2013,0.018463302
Trinidad and Tobago,2013,0.124338648
Tunisia,2013,-0.257479184
Turkiye,2013,-0.091966352
Turkmenistan,2013,-1.312072307
Tuvalu,2013,0.038051685
Uganda,2013,-0.614203508
Ukraine,2013,-0.727055952
United Arab Emirates,2013,0.61800607
United Kingdom,2013,1.416209564
United States,2013,1.229767263
Uruguay,2013,0.82856817
Uzbekistan,2013,-1.255279154
Vanuatu,2013,0.256252018
"Venezuela, RB",2013,-1.293541074
Vietnam,2013,-0.503689955
Virgin Islands (U.S.),2013,0.853871365
West Bank and Gaza,2013,-0.662192952
"Yemen, Rep.",2013,-1.353218198
Zambia,2013,-0.210660852
Zimbabwe,2013,-1.370503793
Afghanistan,2014,-1.472457965
Albania,2014,-0.006187048
Algeria,2014,-0.843255445
American Samoa,2014,0.865034425
Andorra,2014,1.317429483
Angola,2014,-0.987802843
Anguilla,2014,0.846686914
Antigua and Barbuda,2014,0.410151567
Argentina,2014,-0.375175641
Armenia,2014,-0.322568176
Aruba,2014,1.104169051
Australia,2014,1.603466153
Austria,2014,1.517169436
Azerbaijan,2014,-0.722072611
"Bahamas, The",2014,0.811928007
Bahrain,2014,-0.044193933
Bangladesh,2014,-0.795523191
Barbados,2014,1.028697198
Belarus,2014,-0.648716129
Belgium,2014,1.300045858
Belize,2014,-0.234920683
Benin,2014,-0.328355102
Bermuda,2014,0.796615496
Bhutan,2014,0.328217381
Bolivia,2014,-0.586479577
Bosnia and Herzegovina,2014,-0.175082558
Botswana,2014,0.645397782
Brazil,2014,-0.037737514
Brunei Darussalam,2014,0.616196553
Bulgaria,2014,0.08863444
Burkina Faso,2014,-0.513965622
Burundi,2014,-0.991689861
Cabo Verde,2014,0.455825647
Cambodia,2014,-0.719736753
Cameroon,2014,-0.964753956
Canada,2014,1.649957299
Cayman Islands,2014,0.857304389
Central African Republic,2014,-1.706535081
Chad,2014,-1.341827095
Chile,2014,1.135689735
China,2014,-0.476366758
Colombia,2014,-0.249962356
Comoros,2014,-0.804237239
"Congo, Dem. Rep.",2014,-1.529577295
"Congo, Rep.",2014,-1.023041313
Cook Islands,2014,#DIV/0!
Costa Rica,2014,0.673494399
Cote d'Ivoire,2014,-0.67247808
Croatia,2014,0.418083228
Cuba,2014,-0.494230997
Cyprus,2014,0.991302341
Czech Republic,2014,0.936917792
Denmark,2014,1.716009657
Djibouti,2014,-0.877587746
Dominica,2014,0.634506697
Dominican Republic,2014,-0.219785056
Ecuador,2014,-0.539157313
"Egypt, Arab Rep.",2014,-0.914582103
El Salvador,2014,-0.086856075
Equatorial Guinea,2014,-1.305872455
Eritrea,2014,-1.522121618
Estonia,2014,1.217099776
Eswatini,2014,-0.519895362
Ethiopia,2014,-0.842571358
Fiji,2014,-0.068313276
Finland,2014,1.835321983
France,2014,1.124684557
French Guiana,2014,1.07659024
Gabon,2014,-0.527784104
"Gambia, The",2014,-0.671341817
Georgia,2014,0.367764547
Germany,2014,1.564468215
Ghana,2014,-0.022604652
Greece,2014,0.223497654
Greenland,2014,1.404738128
Grenada,2014,0.3291489
Guam,2014,0.798924387
Guatemala,2014,-0.625353888
Guinea,2014,-1.093503485
Guinea-Bissau,2014,-1.218043278
Guyana,2014,-0.347665874
Haiti,2014,-1.17141521
Honduras,2014,-0.649763147
"Hong Kong SAR, China",2014,1.506366064
Hungary,2014,0.538063767
Iceland,2014,1.471944749
India,2014,-0.301826333
Indonesia,2014,-0.207398
"Iran, Islamic Rep.",2014,-1.003109093
Iraq,2014,-1.437698166
Ireland,2014,1.530308684
Israel,2014,0.678580552
Italy,2014,0.499541546
Jamaica,2014,0.05044284
Japan,2014,1.372887661
"Jersey, Channel Islands",2014,1.364836435
Jordan,2014,-0.074866607
Kazakhstan,2014,-0.482734945
Kenya,2014,-0.580723457
Kiribati,2014,0.071229767
"Korea, Dem. People's Rep.",2014,-1.679464857
"Korea, Rep.",2014,0.746838781
Kosovo,2014,-0.323829934
Kuwait,2014,-0.17141548
Kyrgyz Republic,2014,-0.77585344
Lao PDR,2014,-0.688876798
Latvia,2014,0.789815287
Lebanon,2014,-0.737623602
Lesotho,2014,-0.202931489
Liberia,2014,-0.783500373
Libya,2014,-1.665203571
Liechtenstein,2014,1.632362664
Lithuania,2014,0.893701404
Luxembourg,2014,1.696350972
"Macao SAR, China",2014,0.976461867
Madagascar,2014,-0.780133724
Malawi,2014,-0.418762488
Malaysia,2014,0.464543164
Maldives,2014,-0.215308274
Mali,2014,-0.830557818
Malta,2014,1.075056622
Marshall Islands,2014,-0.143333492
Martinique,2014,0.81594893
Mauritania,2014,-0.852487286
Mauritius,2014,0.871175443
Mexico,2014,-0.267478254
"Micronesia, Fed. Sts.",2014,0.182400686
Moldova,2014,-0.272610782
Monaco,2014,1.008642524
Mongolia,2014,-0.07942187
Montenegro,2014,0.131139348
Morocco,2014,-0.288129754
Mozambique,2014,-0.540310028
Myanmar,2014,-1.201372713
Namibia,2014,0.321606711
Nauru,2014,-0.313828493
Nepal,2014,-0.68349721
Netherlands,2014,1.687657972
Netherlands Antilles,2014,#DIV/0!
New Zealand,2014,1.852564772
Nicaragua,2014,-0.547865097
Niger,2014,-0.695975706
Nigeria,2014,-1.180788
Niue,2014,#DIV/0!
North Macedonia,2014,0.077498429
Norway,2014,1.752333919
Oman,2014,0.231032819
Pakistan,2014,-1.025589466
Palau,2014,0.095699882
Panama,2014,0.173042898
Papua New Guinea,2014,-0.496745475
Paraguay,2014,-0.493199412
Peru,2014,-0.222074208
Philippines,2014,-0.160277064
Poland,2014,0.888931066
Portugal,2014,0.945456783
Puerto Rico,2014,0.678441375
Qatar,2014,0.533441742
Reunion,2014,0.849602842
Romania,2014,0.220405158
Russian Federation,2014,-0.71159221
Rwanda,2014,-0.07372779
Samoa,2014,0.553405079
San Marino,2014,1.077705503
Sao Tome and Principe,2014,-0.329134629
Saudi Arabia,2014,-0.292323232
Senegal,2014,-0.098857942
Serbia,2014,0.039021119
Seychelles,2014,0.230400637
Sierra Leone,2014,-0.725083263
Singapore,2014,1.562919956
Slovak Republic,2014,0.714262186
Slovenia,2014,0.88367328
Solomon Islands,2014,-0.380573081
Somalia,2014,-2.194354852
South Africa,2014,0.153378485
South Sudan,2014,-1.911384583
Spain,2014,0.802192887
Sri Lanka,2014,-0.254460597
St. Kitts and Nevis,2014,0.254674291
St. Lucia,2014,0.561355625
St. Vincent and the Grenadines,2014,0.640839639
Sudan,2014,-1.622259438
Suriname,2014,-0.10505748
Sweden,2014,1.708272199
Switzerland,2014,1.834297379
Syrian Arab Republic,2014,-1.771228671
"Taiwan, China",2014,1.049565643
Tajikistan,2014,-1.026105513
Tanzania,2014,-0.495693751
Thailand,2014,-0.339808169
Timor-Leste,2014,-0.632145817
Togo,2014,-0.801407402
Tonga,2014,0.107339478
Trinidad and Tobago,2014,0.105220772
Tunisia,2014,-0.191572685
Turkiye,2014,-0.134584289
Turkmenistan,2014,-1.218491965
Tuvalu,2014,0.17173927
Uganda,2014,-0.636404827
Ukraine,2014,-0.833498746
United Arab Emirates,2014,0.66258812
United Kingdom,2014,1.459341973
United States,2014,1.228450994
Uruguay,2014,0.900414055
Uzbekistan,2014,-1.144865687
Vanuatu,2014,0.181992844
"Venezuela, RB",2014,-1.358124644
Vietnam,2014,-0.474747229
Virgin Islands (U.S.),2014,0.710191312
West Bank and Gaza,2014,-0.636032631
"Yemen, Rep.",2014,-1.512243023
Zambia,2014,-0.265657044
Zimbabwe,2014,-1.331329515
Afghanistan,2015,-1.482312322
Albania,2015,-0.011288129
Algeria,2015,-0.848828857
American Samoa,2015,0.878068516
Andorra,2015,1.343733569
Angola,2015,-0.972763866
Anguilla,2015,0.867153654
Antigua and Barbuda,2015,0.577908268
Argentina,2015,-0.292501238
Armenia,2015,-0.315633593
Aruba,2015,1.217035999
Australia,2015,1.547214468
Austria,2015,1.459108194
Azerbaijan,2015,-0.747360113
"Bahamas, The",2015,0.742883126
Bahrain,2015,-0.076311799
Bangladesh,2015,-0.822169969
Barbados,2015,1.065628141
Belarus,2015,-0.682822954
Belgium,2015,1.301428745
Belize,2015,-0.227136921
Benin,2015,-0.340833461
Bermuda,2015,0.998100924
Bhutan,2015,0.378415177
Bolivia,2015,-0.611452233
Bosnia and Herzegovina,2015,-0.315509411
Botswana,2015,0.642854109
Brazil,2015,-0.144846308
Brunei Darussalam,2015,0.561058109
Bulgaria,2015,0.099578146
Burkina Faso,2015,-0.429334295
Burundi,2015,-1.264877131
Cabo Verde,2015,0.567623056
Cambodia,2015,-0.734131116
Cameroon,2015,-0.952803095
Canada,2015,1.655339261
Cayman Islands,2015,0.904185509
Central African Republic,2015,-1.555116475
Chad,2015,-1.252862205
Chile,2015,1.029303764
China,2015,-0.462197766
Colombia,2015,-0.210389148
Comoros,2015,-0.799284466
"Congo, Dem. Rep.",2015,-1.546010733
"Congo, Rep.",2015,-1.037845075
Cook Islands,2015,#DIV/0!
Costa Rica,2015,0.679368928
Cote d'Ivoire,2015,-0.595096936
Croatia,2015,0.377144252
Cuba,2015,-0.459441922
Cyprus,2015,0.954149703
Czech Republic,2015,0.967366149
Denmark,2015,1.712163736
Djibouti,2015,-0.864303132
Dominica,2015,0.630306825
Dominican Republic,2015,-0.218398106
Ecuador,2015,-0.571173859
"Egypt, Arab Rep.",2015,-0.880759875
El Salvador,2015,-0.177346655
Equatorial Guinea,2015,-1.280658364
Eritrea,2015,-1.583947519
Estonia,2015,1.192301532
Eswatini,2015,-0.517486821
Ethiopia,2015,-0.909497405
Fiji,2015,0.030761953
Finland,2015,1.770704766
France,2015,1.093190689
French Guiana,2015,1.118843228
Gabon,2015,-0.593366959
"Gambia, The",2015,-0.748148723
Georgia,2015,0.312474504
Germany,2015,1.520855556
Ghana,2015,0.00501452
Greece,2015,0.197363863
Greenland,2015,1.385492802
Grenada,2015,0.386384143
Guam,2015,0.803377673
Guatemala,2015,-0.624071782
Guinea,2015,-0.90818127
Guinea-Bissau,2015,-1.148023625
Guyana,2015,-0.324838934
Haiti,2015,-1.188105782
Honduras,2015,-0.601531535
"Hong Kong SAR, China",2015,1.519673049
Hungary,2015,0.527708809
Iceland,2015,1.506666462
India,2015,-0.208154012
Indonesia,2015,-0.294634442
"Iran, Islamic Rep.",2015,-0.916278203
Iraq,2015,-1.44201388
Ireland,2015,1.511960963
Israel,2015,0.733116309
Italy,2015,0.503516278
Jamaica,2015,0.106026881
Japan,2015,1.354290893
"Jersey, Channel Islands",2015,1.353258411
Jordan,2015,-0.067839696
Kazakhstan,2015,-0.45496988
Kenya,2015,-0.598893851
Kiribati,2015,0.088684159
"Korea, Dem. People's Rep.",2015,-1.702123225
"Korea, Rep.",2015,0.701228276
Kosovo,2015,-0.339501416
Kuwait,2015,-0.219980832
Kyrgyz Republic,2015,-0.811551094
Lao PDR,2015,-0.711363087
Latvia,2015,0.785858939
Lebanon,2015,-0.757702971
Lesotho,2015,-0.249035338
Liberia,2015,-0.796176938
Libya,2015,-1.713991145
Liechtenstein,2015,1.609579066
Lithuania,2015,0.967444758
Luxembourg,2015,1.720300575
"Macao SAR, China",2015,0.97923648
Madagascar,2015,-0.740599985
Malawi,2015,-0.436481244
Malaysia,2015,0.36292816
Maldives,2015,-0.318773448
Mali,2015,-0.806388386
Malta,2015,1.051012546
Marshall Islands,2015,-0.190688175
Martinique,2015,0.836011705
Mauritania,2015,-0.873003592
Mauritius,2015,0.875715395
Mexico,2015,-0.289108912
"Micronesia, Fed. Sts.",2015,0.194629918
Moldova,2015,-0.381707788
Monaco,2015,1.004488647
Mongolia,2015,-0.104994143
Montenegro,2015,0.100752827
Morocco,2015,-0.264568534
Mozambique,2015,-0.620271564
Myanmar,2015,-1.160226713
Namibia,2015,0.376139358
Nauru,2015,-0.38142843
Nepal,2015,-0.758435766
Netherlands,2015,1.657451014
Netherlands Antilles,2015,#DIV/0!
New Zealand,2015,1.857348581
Nicaragua,2015,-0.558062791
Niger,2015,-0.658327349
Nigeria,2015,-1.029057557
Niue,2015,#DIV/0!
North Macedonia,2015,-0.09141493
Norway,2015,1.759463151
Oman,2015,0.168386756
Pakistan,2015,-1.011211266
Palau,2015,0.080932647
Panama,2015,0.197642794
Papua New Guinea,2015,-0.551739926
Paraguay,2015,-0.470221835
Peru,2015,-0.185940579
Philippines,2015,-0.21614524
Poland,2015,0.867135247
Portugal,2015,1.039455046
Puerto Rico,2015,0.570309384
Qatar,2015,0.522060643
Reunion,2015,0.861360908
Romania,2015,0.244545979
Russian Federation,2015,-0.787016461
Rwanda,2015,-0.065321118
Samoa,2015,0.59828647
San Marino,2015,1.054670751
Sao Tome and Principe,2015,-0.334105483
Saudi Arabia,2015,-0.347825803
Senegal,2015,-0.095911626
Serbia,2015,0.049377055
Seychelles,2015,0.50788613
Sierra Leone,2015,-0.699287284
Singapore,2015,1.589001656
Slovak Republic,2015,0.669616478
Slovenia,2015,0.878493766
Solomon Islands,2015,-0.315924416
Somalia,2015,-2.094829381
South Africa,2015,0.12826023
South Sudan,2015,-1.890579522
Spain,2015,0.809649905
Sri Lanka,2015,-0.089739179
St. Kitts and Nevis,2015,0.564615622
St. Lucia,2015,0.591911196
St. Vincent and the Grenadines,2015,0.615338042
Sudan,2015,-1.601269225
Suriname,2015,-0.121806798
Sweden,2015,1.70655486
Switzerland,2015,1.783356468
Syrian Arab Republic,2015,-1.849751016
"Taiwan, China",2015,1.079881907
Tajikistan,2015,-1.089076926
Tanzania,2015,-0.456434237
Thailand,2015,-0.362234277
Timor-Leste,2015,-0.631781119
Togo,2015,-0.752362701
Tonga,2015,0.030082501
Trinidad and Tobago,2015,0.108245826
Tunisia,2015,-0.205811742
Turkiye,2015,-0.282124512
Turkmenistan,2015,-1.25934955
Tuvalu,2015,0.210168325
Uganda,2015,-0.614551087
Ukraine,2015,-0.84088588
United Arab Emirates,2015,0.66080146
United Kingdom,2015,1.509462267
United States,2015,1.247193962
Uruguay,2015,0.887316421
Uzbekistan,2015,-1.177738085
Vanuatu,2015,-0.008731725
"Venezuela, RB",2015,-1.417171409
Vietnam,2015,-0.409709262
Virgin Islands (U.S.),2015,0.911879039
West Bank and Gaza,2015,-0.747918939
"Yemen, Rep.",2015,-1.628585617
Zambia,2015,-0.261630539
Zimbabwe,2015,-1.210017145
Afghanistan,2016,-1.557672501
Albania,2016,0.003079708
Algeria,2016,-0.863173063
American Samoa,2016,0.881914067
Andorra,2016,1.350540976
Angola,2016,-0.968222986
Anguilla,2016,0.928286889
Antigua and Barbuda,2016,0.550723026
Argentina,2016,0.005236285
Armenia,2016,-0.347246746
Aruba,2016,1.221808662
Australia,2016,1.569079022
Austria,2016,1.418977777
Azerbaijan,2016,-0.703774426
"Bahamas, The",2016,0.692511857
Bahrain,2016,-0.134423339
Bangladesh,2016,-0.807750126
Barbados,2016,0.942906087
Belarus,2016,-0.616486445
Belgium,2016,1.262290483
Belize,2016,-0.268399987
Benin,2016,-0.312932564
Bermuda,2016,1.054540002
Bhutan,2016,0.442282437
Bolivia,2016,-0.642113702
Bosnia and Herzegovina,2016,-0.284401782
Botswana,2016,0.660722623
Brazil,2016,-0.155422236
Brunei Darussalam,2016,0.506784032
Bulgaria,2016,0.158476697
Burkina Faso,2016,-0.411953059
Burundi,2016,-1.427294681
Cabo Verde,2016,0.496448559
Cambodia,2016,-0.735874953
Cameroon,2016,-0.980119119
Canada,2016,1.671206295
Cayman Islands,2016,0.819713091
Central African Republic,2016,-1.530757745
Chad,2016,-1.373518189
Chile,2016,0.947751785
China,2016,-0.422870149
Colombia,2016,-0.171327091
Comoros,2016,-0.78446412
"Congo, Dem. Rep.",2016,-1.57810088
"Congo, Rep.",2016,-1.056172619
Cook Islands,2016,#DIV/0!
Costa Rica,2016,0.631167188
Cote d'Ivoire,2016,-0.585851406
Croatia,2016,0.406176972
Cuba,2016,-0.434341504
Cyprus,2016,0.865420034
Czech Republic,2016,0.937490622
Denmark,2016,1.66527306
Djibouti,2016,-0.901264856
Dominica,2016,0.593726076
Dominican Republic,2016,-0.166092293
Ecuador,2016,-0.487948445
"Egypt, Arab Rep.",2016,-0.842816015
El Salvador,2016,-0.257966205
Equatorial Guinea,2016,-1.288527881
Eritrea,2016,-1.608661195
Estonia,2016,1.191373746
Eswatini,2016,-0.541391338
Ethiopia,2016,-0.949624807
Fiji,2016,0.135974823
Finland,2016,1.747294029
France,2016,1.043616989
French Guiana,2016,1.10805131
Gabon,2016,-0.652537437
"Gambia, The",2016,-0.798709164
Georgia,2016,0.402181943
Germany,2016,1.497153093
Ghana,2016,-0.027329259
Greece,2016,0.145101731
Greenland,2016,1.381698052
Grenada,2016,0.50396517
Guam,2016,0.677975512
Guatemala,2016,-0.588995432
Guinea,2016,-0.871225993
Guinea-Bissau,2016,-1.197004244
Guyana,2016,-0.182513099
Haiti,2016,-1.203031033
Honduras,2016,-0.65102687
"Hong Kong SAR, China",2016,1.397271603
Hungary,2016,0.448086078
Iceland,2016,1.471019129
India,2016,-0.179011462
Indonesia,2016,-0.167272945
"Iran, Islamic Rep.",2016,-0.830158023
Iraq,2016,-1.453179946
Ireland,2016,1.402773102
Israel,2016,0.814541409
Italy,2016,0.53092103
Jamaica,2016,0.211786993
Japan,2016,1.356376837
"Jersey, Channel Islands",2016,1.234290262
Jordan,2016,-0.070622524
Kazakhstan,2016,-0.460167726
Kenya,2016,-0.585489863
Kiribati,2016,0.204340195
"Korea, Dem. People's Rep.",2016,-1.655986577
"Korea, Rep.",2016,0.763227507
Kosovo,2016,-0.298882974
Kuwait,2016,-0.195245911
Kyrgyz Republic,2016,-0.741523559
Lao PDR,2016,-0.685129538
Latvia,2016,0.796041136
Lebanon,2016,-0.792347024
Lesotho,2016,-0.289668043
Liberia,2016,-0.745627699
Libya,2016,-1.814587335
Liechtenstein,2016,1.585563699
Lithuania,2016,0.959418376
Luxembourg,2016,1.69445167
"Macao SAR, China",2016,1.000119096
Madagascar,2016,-0.710839033
Malawi,2016,-0.487529067
Malaysia,2016,0.286722083
Maldives,2016,-0.347710793
Mali,2016,-0.81072176
Malta,2016,1.014598687
Marshall Islands,2016,-0.230393276
Martinique,2016,1.022058225
Mauritania,2016,-0.763193796
Mauritius,2016,0.806423162
Mexico,2016,-0.303370189
"Micronesia, Fed. Sts.",2016,0.273791164
Moldova,2016,-0.420418699
Monaco,2016,0.925737053
Mongolia,2016,0.046746759
Montenegro,2016,0.098995795
Morocco,2016,-0.278094846
Mozambique,2016,-0.84901089
Myanmar,2016,-0.829088817
Namibia,2016,0.385464128
Nauru,2016,-0.200144713
Nepal,2016,-0.716965521
Netherlands,2016,1.675159663
Netherlands Antilles,2016,#DIV/0!
New Zealand,2016,1.857771019
Nicaragua,2016,-0.583865196
Niger,2016,-0.703322147
Nigeria,2016,-1.045202911
Niue,2016,#DIV/0!
North Macedonia,2016,-0.131513046
Norway,2016,1.773186922
Oman,2016,0.20643799
Pakistan,2016,-1.026619166
Palau,2016,0.244182944
Panama,2016,0.183420862
Papua New Guinea,2016,-0.556379338
Paraguay,2016,-0.393495852
Peru,2016,-0.094770595
Philippines,2016,-0.324817431
Poland,2016,0.726543119
Portugal,2016,1.018455853
Puerto Rico,2016,0.520218126
Qatar,2016,0.476019194
Reunion,2016,0.868190485
Romania,2016,0.279280975
Russian Federation,2016,-0.740966598
Rwanda,2016,-0.064884786
Samoa,2016,0.627250766
San Marino,2016,1.070932746
Sao Tome and Principe,2016,-0.291822189
Saudi Arabia,2016,-0.216740228
Senegal,2016,-0.10521441
Serbia,2016,-0.017485583
Seychelles,2016,0.470174191
Sierra Leone,2016,-0.682508496
Singapore,2016,1.603219171
Slovak Republic,2016,0.699024469
Slovenia,2016,0.942113022
Solomon Islands,2016,-0.268939639
Somalia,2016,-2.100719114
South Africa,2016,0.146277914
South Sudan,2016,-2.009478668
Spain,2016,0.862743636
Sri Lanka,2016,-0.059187634
St. Kitts and Nevis,2016,0.60101066
St. Lucia,2016,0.609239767
St. Vincent and the Grenadines,2016,0.621534169
Sudan,2016,-1.665957789
Suriname,2016,-0.143382388
Sweden,2016,1.709478398
Switzerland,2016,1.778048575
Syrian Arab Republic,2016,-1.992621342
"Taiwan, China",2016,1.097239415
Tajikistan,2016,-1.152615637
Tanzania,2016,-0.433159493
Thailand,2016,-0.352842202
Timor-Leste,2016,-0.582365589
Togo,2016,-0.660253388
Tonga,2016,0.135143742
Trinidad and Tobago,2016,0.106863313
Tunisia,2016,-0.258690669
Turkiye,2016,-0.480644138
Turkmenistan,2016,-1.363455109
Tuvalu,2016,0.267150111
Uganda,2016,-0.593670448
Ukraine,2016,-0.747757681
United Arab Emirates,2016,0.650334408
United Kingdom,2016,1.429371571
United States,2016,1.242329602
Uruguay,2016,0.895214021
Uzbekistan,2016,-1.111615583
Vanuatu,2016,0.049993938
"Venezuela, RB",2016,-1.499607782
Vietnam,2016,-0.327879472
Virgin Islands (U.S.),2016,0.889541209
West Bank and Gaza,2016,-0.691225926
"Yemen, Rep.",2016,-1.865460674
Zambia,2016,-0.348763684
Zimbabwe,2016,-1.224301815
Afghanistan,2017,-1.601085683
Albania,2017,0.015126827
Algeria,2017,-0.845653186
American Samoa,2017,0.941717279
Andorra,2017,1.425529579
Angola,2017,-0.979809935
Anguilla,2017,0.838391116
Antigua and Barbuda,2017,0.381700557
Argentina,2017,0.029508849
Armenia,2017,-0.326966422
Aruba,2017,1.224469602
Australia,2017,1.532798111
Austria,2017,1.456067284
Azerbaijan,2017,-0.708888667
"Bahamas, The",2017,0.647905566
Bahrain,2017,-0.241336721
Bangladesh,2017,-0.819356114
Barbados,2017,0.913268427
Belarus,2017,-0.607730324
Belgium,2017,1.178304056
Belize,2017,-0.301224412
Benin,2017,-0.324333572
Bermuda,2017,1.065394282
Bhutan,2017,0.608599306
Bolivia,2017,-0.593901287
Bosnia and Herzegovina,2017,-0.298713683
Botswana,2017,0.590967357
Brazil,2017,-0.209831772
Brunei Darussalam,2017,0.569273303
Bulgaria,2017,0.213586441
Burkina Faso,2017,-0.40691124
Burundi,2017,-1.417712102
Cabo Verde,2017,0.509570759
Cambodia,2017,-0.7631981
Cameroon,2017,-1.008134494
Canada,2017,1.671269
Cayman Islands,2017,0.823953182
Central African Republic,2017,-1.550098419
Chad,2017,-1.34876138
Chile,2017,0.938658535
China,2017,-0.327394699
Colombia,2017,-0.209698862
Comoros,2017,-0.802634352
"Congo, Dem. Rep.",2017,-1.667294224
"Congo, Rep.",2017,-1.129050801
Cook Islands,2017,#DIV/0!
Costa Rica,2017,0.555874618
Cote d'Ivoire,2017,-0.618070026
Croatia,2017,0.411582284
Cuba,2017,-0.432165407
Cyprus,2017,0.8660839
Czech Republic,2017,0.981700162
Denmark,2017,1.642125607
Djibouti,2017,-0.907891462
Dominica,2017,0.563881869
Dominican Republic,2017,-0.206918365
Ecuador,2017,-0.480445899
"Egypt, Arab Rep.",2017,-0.812431251
El Salvador,2017,-0.332639764
Equatorial Guinea,2017,-1.303593509
Eritrea,2017,-1.603651683
Estonia,2017,1.18729341
Eswatini,2017,-0.45408137
Ethiopia,2017,-0.975652451
Fiji,2017,0.290415843
Finland,2017,1.78806138
France,2017,1.10222881
French Guiana,2017,1.104530305
Gabon,2017,-0.7273238
"Gambia, The",2017,-0.499283864
Georgia,2017,0.408149848
Germany,2017,1.481092453
Ghana,2017,0.042277562
Greece,2017,0.179125571
Greenland,2017,1.377781947
Grenada,2017,0.427837776
Guam,2017,0.736302091
Guatemala,2017,-0.629695008
Guinea,2017,-0.935095628
Guinea-Bissau,2017,-1.221840377
Guyana,2017,-0.201820952
Haiti,2017,-1.195696423
Honduras,2017,-0.618564556
"Hong Kong SAR, China",2017,1.439673156
Hungary,2017,0.53198245
Iceland,2017,1.506260574
India,2017,-0.137684086
Indonesia,2017,-0.153828455
"Iran, Islamic Rep.",2017,-0.855935653
Iraq,2017,-1.467631459
Ireland,2017,1.359037022
Israel,2017,0.716394564
Italy,2017,0.511478126
Jamaica,2017,0.225947997
Japan,2017,1.362981101
"Jersey, Channel Islands",2017,1.230525037
Jordan,2017,-0.07649034
Kazakhstan,2017,-0.394497261
Kenya,2017,-0.553156527
Kiribati,2017,0.321766136
"Korea, Dem. People's Rep.",2017,-1.653393457
"Korea, Rep.",2017,0.824800263
Kosovo,2017,-0.300814991
Kuwait,2017,-0.18895144
Kyrgyz Republic,2017,-0.643755193
Lao PDR,2017,-0.715064113
Latvia,2017,0.794956098
Lebanon,2017,-0.798469111
Lesotho,2017,-0.293985572
Liberia,2017,-0.703111393
Libya,2017,-1.786548316
Liechtenstein,2017,1.621980766
Lithuania,2017,0.902419209
Luxembourg,2017,1.654611349
"Macao SAR, China",2017,0.998042557
Madagascar,2017,-0.742821897
Malawi,2017,-0.466411399
Malaysia,2017,0.275732423
Maldives,2017,-0.4602998
Mali,2017,-0.846677956
Malta,2017,1.095758528
Marshall Islands,2017,-0.070494242
Martinique,2017,1.083482063
Mauritania,2017,-0.724701206
Mauritius,2017,0.78310859
Mexico,2017,-0.369166125
"Micronesia, Fed. Sts.",2017,0.38936631
Moldova,2017,-0.353596799
Monaco,2017,1.233389497
Mongolia,2017,-0.004790997
Montenegro,2017,0.076532668
Morocco,2017,-0.317134003
Mozambique,2017,-0.809666057
Myanmar,2017,-0.894669086
Namibia,2017,0.320781625
Nauru,2017,-0.28589872
Nepal,2017,-0.642727718
Netherlands,2017,1.647229354
Netherlands Antilles,2017,#DIV/0!
New Zealand,2017,1.859060287
Nicaragua,2017,-0.600355584
Niger,2017,-0.748990114
Nigeria,2017,-1.035531561
Niue,2017,#DIV/0!
North Macedonia,2017,-0.085217782
Norway,2017,1.816622436
Oman,2017,0.162221022
Pakistan,2017,-0.964914848
Palau,2017,0.176245625
Panama,2017,0.140158072
Papua New Guinea,2017,-0.598603437
Paraguay,2017,-0.413836239
Peru,2017,-0.140777695
Philippines,2017,-0.321339488
Poland,2017,0.640875315
Portugal,2017,1.088870684
Puerto Rico,2017,0.415647736
Qatar,2017,0.347690398
Reunion,2017,0.876026767
Romania,2017,0.230923237
Russian Federation,2017,-0.686360523
Rwanda,2017,0.007371835
Samoa,2017,0.711703302
San Marino,2017,1.032204181
Sao Tome and Principe,2017,-0.289661177
Saudi Arabia,2017,-0.270441288
Senegal,2017,-0.081890888
Serbia,2017,-0.049967013
Seychelles,2017,0.436100344
Sierra Leone,2017,-0.619317415
Singapore,2017,1.619862599
Slovak Republic,2017,0.667232707
Slovenia,2017,0.908378929
Solomon Islands,2017,-0.199708795
Somalia,2017,-2.067405224
South Africa,2017,0.061409308
South Sudan,2017,-2.057699561
Spain,2017,0.811434716
Sri Lanka,2017,-0.138312062
St. Kitts and Nevis,2017,0.630879283
St. Lucia,2017,0.656107401
St. Vincent and the Grenadines,2017,0.610065639
Sudan,2017,-1.581967016
Suriname,2017,-0.155571592
Sweden,2017,1.674898396
Switzerland,2017,1.775294363
Syrian Arab Republic,2017,-1.974385719
"Taiwan, China",2017,1.099898189
Tajikistan,2017,-1.217098832
Tanzania,2017,-0.500259827
Thailand,2017,-0.310194917
Timor-Leste,2017,-0.507071289
Togo,2017,-0.816459616
Tonga,2017,0.167309058
Trinidad and Tobago,2017,0.105025746
Tunisia,2017,-0.207763094
Turkiye,2017,-0.478254414
Turkmenistan,2017,-1.340817141
Tuvalu,2017,0.257155078
Uganda,2017,-0.562643078
Ukraine,2017,-0.693625691
United Arab Emirates,2017,0.6442524
United Kingdom,2017,1.408661664
United States,2017,1.248601024
Uruguay,2017,0.862006123
Uzbekistan,2017,-1.027441283
Vanuatu,2017,0.120142456
"Venezuela, RB",2017,-1.576983988
Vietnam,2017,-0.354234173
Virgin Islands (U.S.),2017,0.787121654
West Bank and Gaza,2017,-0.587564267
"Yemen, Rep.",2017,-1.901156962
Zambia,2017,-0.371217586
Zimbabwe,2017,-1.228968441
Afghanistan,2018,-1.595580558
Albania,2018,0.001408869
Algeria,2018,-0.842334881
American Samoa,2018,1.022561143
Andorra,2018,1.402650575
Angola,2018,-0.862202615
Anguilla,2018,0.813011841
Antigua and Barbuda,2018,0.415858008
Argentina,2018,0.022864367
Armenia,2018,-0.154579841
Aruba,2018,1.178675791
Australia,2018,1.561252236
Austria,2018,1.466003189
Azerbaijan,2018,-0.676660512
"Bahamas, The",2018,0.593213793
Bahrain,2018,-0.237678029
Bangladesh,2018,-0.809998115
Barbados,2018,0.794251119
Belarus,2018,-0.513644608
Belgium,2018,1.179085284
Belize,2018,-0.298628575
Benin,2018,-0.322817579
Bermuda,2018,1.091710603
Bhutan,2018,0.566927342
Bolivia,2018,-0.585929337
Bosnia and Herzegovina,2018,-0.369453517
Botswana,2018,0.582598289
Brazil,2018,-0.265964821
Brunei Darussalam,2018,0.620549361
Bulgaria,2018,0.219942826
Burkina Faso,2018,-0.446639517
Burundi,2018,-1.437316676
Cabo Verde,2018,0.556333828
Cambodia,2018,-0.773958825
Cameroon,2018,-1.065073599
Canada,2018,1.575490266
Cayman Islands,2018,0.838999023
Central African Republic,2018,-1.567460835
Chad,2018,-1.383728782
Chile,2018,0.940568497
China,2018,-0.314943776
Colombia,2018,-0.198342156
Comoros,2018,-0.943437318
"Congo, Dem. Rep.",2018,-1.652334372
"Congo, Rep.",2018,-1.100545635
Cook Islands,2018,1.026821166
Costa Rica,2018,0.577151691
Cote d'Ivoire,2018,-0.518390281
Croatia,2018,0.447230846
Cuba,2018,-0.467965203
Cyprus,2018,0.777648439
Czech Republic,2018,0.948029141
Denmark,2018,1.664209853
Djibouti,2018,-0.807314848
Dominica,2018,0.509467317
Dominican Republic,2018,-0.233192297
Ecuador,2018,-0.418836497
"Egypt, Arab Rep.",2018,-0.748731469
El Salvador,2018,-0.386808569
Equatorial Guinea,2018,-1.284838793
Eritrea,2018,-1.602434446
Estonia,2018,1.206037919
Eswatini,2018,-0.55553321
Ethiopia,2018,-0.825251798
Fiji,2018,0.470974507
Finland,2018,1.765568127
France,2018,1.087005417
French Guiana,2018,1.106209596
Gabon,2018,-0.739951064
"Gambia, The",2018,-0.434110795
Georgia,2018,0.404146699
Germany,2018,1.482635955
Ghana,2018,0.008180179
Greece,2018,0.283692587
Greenland,2018,1.383362512
Grenada,2018,0.280406547
Guam,2018,0.797507513
Guatemala,2018,-0.620903765
Guinea,2018,-0.951900164
Guinea-Bissau,2018,-1.151307662
Guyana,2018,-0.224721653
Haiti,2018,-1.154748887
Honduras,2018,-0.628482471
"Hong Kong SAR, China",2018,1.46281749
Hungary,2018,0.490847011
Iceland,2018,1.534415384
India,2018,-0.122961128
Indonesia,2018,-0.13258083
"Iran, Islamic Rep.",2018,-1.025480703
Iraq,2018,-1.509493927
Ireland,2018,1.391973217
Israel,2018,0.654164334
Italy,2018,0.494105267
Jamaica,2018,0.231475798
Japan,2018,1.331535568
"Jersey, Channel Islands",2018,1.221571018
Jordan,2018,-0.088476375
Kazakhstan,2018,-0.351940736
Kenya,2018,-0.590418667
Kiribati,2018,0.351424783
"Korea, Dem. People's Rep.",2018,-1.616932725
"Korea, Rep.",2018,0.921780765
Kosovo,2018,-0.40464595
Kuwait,2018,-0.110805739
Kyrgyz Republic,2018,-0.617434104
Lao PDR,2018,-0.771432047
Latvia,2018,0.773627693
Lebanon,2018,-0.851803839
Lesotho,2018,-0.344596764
Liberia,2018,-0.72680047
Libya,2018,-1.83828638
Liechtenstein,2018,1.615540882
Lithuania,2018,0.873807222
Luxembourg,2018,1.717430035
"Macao SAR, China",2018,0.950053047
Madagascar,2018,-0.781352684
Malawi,2018,-0.522594437
Malaysia,2018,0.45180274
Maldives,2018,-0.488368372
Mali,2018,-0.916373332
Malta,2018,1.049022287
Marshall Islands,2018,-0.184944622
Martinique,2018,1.074840474
Mauritania,2018,-0.769995739
Mauritius,2018,0.755274385
Mexico,2018,-0.398139771
"Micronesia, Fed. Sts.",2018,0.330544217
Moldova,2018,-0.358525426
Monaco,2018,1.11956054
Mongolia,2018,0.034631532
Montenegro,2018,0.10933716
Morocco,2018,-0.349866971
Mozambique,2018,-0.810516015
Myanmar,2018,-0.9362863
Namibia,2018,0.332810383
Nauru,2018,-0.042120337
Nepal,2018,-0.580924201
Netherlands,2018,1.65074861
Netherlands Antilles,2018,#DIV/0!
New Zealand,2018,1.804768602
Nicaragua,2018,-0.934684585
Niger,2018,-0.766271383
Nigeria,2018,-1.076996585
Niue,2018,1.252916366
North Macedonia,2018,-0.047805304
Norway,2018,1.757880112
Oman,2018,0.109631325
Pakistan,2018,-0.967519979
Palau,2018,0.271679918
Panama,2018,0.086642085
Papua New Guinea,2018,-0.571458122
Paraguay,2018,-0.359138957
Peru,2018,-0.172388303
Philippines,2018,-0.340253174
Poland,2018,0.617732212
Portugal,2018,1.060670425
Puerto Rico,2018,0.356914678
Qatar,2018,0.354056309
Reunion,2018,0.85875119
Romania,2018,0.171464227
Russian Federation,2018,-0.649131281
Rwanda,2018,-0.029232767
Samoa,2018,0.692054521
San Marino,2018,0.981304109
Sao Tome and Principe,2018,-0.251542926
Saudi Arabia,2018,-0.264191749
Senegal,2018,-0.093823149
Serbia,2018,-0.05316944
Seychelles,2018,0.461961438
Sierra Leone,2018,-0.600943323
Singapore,2018,1.626198129
Slovak Republic,2018,0.625676374
Slovenia,2018,0.924849987
Solomon Islands,2018,-0.197878902
Somalia,2018,-2.072173814
South Africa,2018,0.031790564
South Sudan,2018,-2.079687456
Spain,2018,0.816895301
Sri Lanka,2018,-0.150463012
St. Kitts and Nevis,2018,0.601312399
St. Lucia,2018,0.619346559
St. Vincent and the Grenadines,2018,0.586000616
Sudan,2018,-1.578011016
Suriname,2018,-0.206960034
Sweden,2018,1.667719016
Switzerland,2018,1.777921458
Syrian Arab Republic,2018,-1.967202405
"Taiwan, China",2018,1.109253675
Tajikistan,2018,-1.221405615
Tanzania,2018,-0.558176979
Thailand,2018,-0.328831891
Timor-Leste,2018,-0.470899031
Togo,2018,-0.792054991
Tonga,2018,0.297290454
Trinidad and Tobago,2018,0.064640849
Tunisia,2018,-0.192432722
Turkiye,2018,-0.478032169
Turkmenistan,2018,-1.334811485
Tuvalu,2018,0.339470793
Uganda,2018,-0.610747471
Ukraine,2018,-0.70561798
United Arab Emirates,2018,0.646309326
United Kingdom,2018,1.34865084
United States,2018,1.236060053
Uruguay,2018,0.868631482
Uzbekistan,2018,-0.954374383
Vanuatu,2018,0.145717176
"Venezuela, RB",2018,-1.759145002
Vietnam,2018,-0.379732692
Virgin Islands (U.S.),2018,0.872453415
West Bank and Gaza,2018,-0.694984904
"Yemen, Rep.",2018,-2.015045484
Zambia,2018,-0.39820851
Zimbabwe,2018,-1.190264583
Afghanistan,2019,-1.569425881
Albania,2019,-0.073335334
Algeria,2019,-0.916131993
American Samoa,2019,0.974927793
Andorra,2019,1.44053183
Angola,2019,-0.853050013
Anguilla,2019,0.918527758
Antigua and Barbuda,2019,0.472856462
Argentina,2019,-0.090706125
Armenia,2019,-0.11008304
Aruba,2019,1.160649449
Australia,2019,1.527405709
Austria,2019,1.447307785
Azerbaijan,2019,-0.656153763
"Bahamas, The",2019,0.55995368
Bahrain,2019,-0.13396399
Bangladesh,2019,-0.827429801
Barbados,2019,0.788956394
Belarus,2019,-0.445390216
Belgium,2019,1.177368899
Belize,2019,-0.263838804
Benin,2019,-0.370127908
Bermuda,2019,1.067165899
Bhutan,2019,0.5702692
Bolivia,2019,-0.757163027
Bosnia and Herzegovina,2019,-0.378603619
Botswana,2019,0.613512759
Brazil,2019,-0.219543707
Brunei Darussalam,2019,0.582112283
Bulgaria,2019,0.251372353
Burkina Faso,2019,-0.551446008
Burundi,2019,-1.430428187
Cabo Verde,2019,0.574196081
Cambodia,2019,-0.7825554
Cameroon,2019,-1.125269542
Canada,2019,1.567213416
Cayman Islands,2019,0.87884897
Central African Republic,2019,-1.573820591
Chad,2019,-1.360414227
Chile,2019,0.834929301
China,2019,-0.357103375
Colombia,2019,-0.163983182
Comoros,2019,-0.988866754
"Congo, Dem. Rep.",2019,-1.560662587
"Congo, Rep.",2019,-1.25072813
Cook Islands,2019,1.058100522
Costa Rica,2019,0.614920636
Cote d'Ivoire,2019,-0.536423422
Croatia,2019,0.442090665
Cuba,2019,-0.464837639
Cyprus,2019,0.83068792
Czech Republic,2019,0.930089047
Denmark,2019,1.672215591
Djibouti,2019,-0.859096472
Dominica,2019,0.523649459
Dominican Republic,2019,-0.212251732
Ecuador,2019,-0.3894005
"Egypt, Arab Rep.",2019,-0.745179122
El Salvador,2019,-0.314730937
Equatorial Guinea,2019,-1.258229976
Eritrea,2019,-1.643832028
Estonia,2019,1.234183997
Eswatini,2019,-0.57872208
Ethiopia,2019,-0.794047793
Fiji,2019,0.475431193
Finland,2019,1.74401771
France,2019,1.150036996
French Guiana,2019,1.048966895
Gabon,2019,-0.767994953
"Gambia, The",2019,-0.373829531
Georgia,2019,0.423690304
Germany,2019,1.448120823
Ghana,2019,0.033195553
Greece,2019,0.347524675
Greenland,2019,1.36513566
Grenada,2019,0.304432698
Guam,2019,0.818610784
Guatemala,2019,-0.650091504
Guinea,2019,-0.891949415
Guinea-Bissau,2019,-1.101487249
Guyana,2019,-0.253013608
Haiti,2019,-1.212255667
Honduras,2019,-0.683419163
"Hong Kong SAR, China",2019,1.15067145
Hungary,2019,0.464411448
Iceland,2019,1.548273206
India,2019,-0.13356852
Indonesia,2019,-0.153626791
"Iran, Islamic Rep.",2019,-1.14656961
Iraq,2019,-1.510796279
Ireland,2019,1.337449898
Israel,2019,0.718155563
Italy,2019,0.550323963
Jamaica,2019,0.226374917
Japan,2019,1.310373783
"Jersey, Channel Islands",2019,1.245900581
Jordan,2019,-0.089266465
Kazakhstan,2019,-0.321082772
Kenya,2019,-0.56817321
Kiribati,2019,0.438921618
"Korea, Dem. People's Rep.",2019,-1.594631081
"Korea, Rep.",2019,0.943568061
Kosovo,2019,-0.345192447
Kuwait,2019,-0.051746191
Kyrgyz Republic,2019,-0.593527714
Lao PDR,2019,-0.802674244
Latvia,2019,0.850976164
Lebanon,2019,-0.910755654
Lesotho,2019,-0.401067839
Liberia,2019,-0.775662333
Libya,2019,-1.897819142
Liechtenstein,2019,1.618475656
Lithuania,2019,0.94671162
Luxembourg,2019,1.693648676
"Macao SAR, China",2019,0.885975187
Madagascar,2019,-0.755181347
Malawi,2019,-0.501441626
Malaysia,2019,0.406034427
Maldives,2019,-0.289216039
Mali,2019,-0.976677592
Malta,2019,0.849124062
Marshall Islands,2019,-0.121017715
Martinique,2019,0.981848717
Mauritania,2019,-0.698294699
Mauritius,2019,0.74018507
Mexico,2019,-0.437197578
"Micronesia, Fed. Sts.",2019,0.334065525
Moldova,2019,-0.331996582
Monaco,2019,1.118692905
Mongolia,2019,0.023181591
Montenegro,2019,0.108813281
Morocco,2019,-0.31628936
Mozambique,2019,-0.806327969
Myanmar,2019,-0.965616812
Namibia,2019,0.32006552
Nauru,2019,-0.023958992
Nepal,2019,-0.595379459
Netherlands,2019,1.610157718
Netherlands Antilles,2019,#DIV/0!
New Zealand,2019,1.755535503
Nicaragua,2019,-0.956892699
Niger,2019,-0.763290892
Nigeria,2019,-1.077709824
Niue,2019,1.326108575
North Macedonia,2019,-0.062632759
Norway,2019,1.754975994
Oman,2019,0.162734081
Pakistan,2019,-0.999542167
Palau,2019,0.290036581
Panama,2019,0.105308009
Papua New Guinea,2019,-0.623166371
Paraguay,2019,-0.343925324
Peru,2019,-0.073876531
Philippines,2019,-0.306478099
Poland,2019,0.642323444
Portugal,2019,1.049950163
Puerto Rico,2019,0.29358485
Qatar,2019,0.390651782
Reunion,2019,0.801902908
Romania,2019,0.262992
Russian Federation,2019,-0.604842033
Rwanda,2019,-0.045108646
Samoa,2019,0.679913916
San Marino,2019,1.03110072
Sao Tome and Principe,2019,-0.21796006
Saudi Arabia,2019,-0.266433302
Senegal,2019,-0.029723554
Serbia,2019,-0.089389074
Seychelles,2019,0.531816637
Sierra Leone,2019,-0.575708989
Singapore,2019,1.615722964
Slovak Republic,2019,0.642095966
Slovenia,2019,0.983186563
Solomon Islands,2019,-0.160135799
Somalia,2019,-2.116920412
South Africa,2019,0.078078703
South Sudan,2019,-2.103182634
Spain,2019,0.851142267
Sri Lanka,2019,-0.139937503
St. Kitts and Nevis,2019,0.572481667
St. Lucia,2019,0.602304051
St. Vincent and the Grenadines,2019,0.617068306
Sudan,2019,-1.538509289
Suriname,2019,-0.211550303
Sweden,2019,1.675849239
Switzerland,2019,1.717965086
Syrian Arab Republic,2019,-1.993969103
"Taiwan, China",2019,1.130069504
Tajikistan,2019,-1.163193256
Tanzania,2019,-0.55005082
Thailand,2019,-0.229681741
Timor-Leste,2019,-0.425516553
Togo,2019,-0.768494715
Tonga,2019,0.299372795
Trinidad and Tobago,2019,0.042691547
Tunisia,2019,-0.163070073
Turkiye,2019,-0.470700044
Turkmenistan,2019,-1.353871837
Tuvalu,2019,0.376433581
Uganda,2019,-0.637953018
Ukraine,2019,-0.569451294
United Arab Emirates,2019,0.638504396
United Kingdom,2019,1.380510231
United States,2019,1.088425077
Uruguay,2019,0.902576506
Uzbekistan,2019,-0.929671581
Vanuatu,2019,0.113858099
"Venezuela, RB",2019,-1.798342466
Vietnam,2019,-0.375467937
Virgin Islands (U.S.),2019,0.961413252
West Bank and Gaza,2019,-0.742515615
"Yemen, Rep.",2019,-2.00396204
Zambia,2019,-0.476907779
Zimbabwe,2019,-1.237617741
